{
  "received_at": "2025-12-03T23:46:42.966Z",
  "source_ip": "127.0.0.1",
  "data": {
    "deliveries": 10,
    "replans": 2,
    "time_per_point": [
      2.6916666666666953,
      4.291666666666561,
      6.279166666666311,
      4.141666666666433,
      6.57083333333296,
      5.112499999999709,
      6.441666666669306,
      5.520833333337727,
      3.779166666669674,
      11.583333333342551
    ],
    "energy_est": 2914.6451666154267,
    "alt_mean": 0.7395700610495556,
    "alt_std": 0.11096890099563403,
    "distance_real": 53.101847475745366
  }
}